Отметка времени    ,Ссылка на страницу ВК         ,"Тест - https://psytests.org/bigfive/tipiru-run.html. После прохождения скопируй сюда ссылку, которая появится после прохождения теста"
07.01.2021 1:09:41 ,https://vk.com/id_sveta1999   ,https://psytests.org/result?v=ipiQ8PZS
07.01.2021 13:07:46,https://vk.com/idraniya1999   ,https://psytests.org/result?v=ipiQ8DFj
07.01.2021 13:40:47,https://vk.com/nursabir       ,https://psytests.org/result?v=ipiQ4ya1
07.01.2021 16:54:33,https://vk.com/ilmiro         ,https://psytests.org/result?v=ipiQ3m0l
07.01.2021 17:20:01,https://vk.com/asanovarthur   ,https://psytests.org/result?v=ipiQ55OD
07.01.2021 17:30:53,https://vk.com/anjel_ka16     ,https://psytests.org/result?v=ipiQ8CQ_
07.01.2021 17:32:06,https://vk.com/zeinetdinovv   ,psytests.org/result?v=ipiQ4a5s
07.01.2021 17:42:45,https://vk.com/danisimosss    ,https://psytests.org/result?v=ipiQ4H8J
07.01.2021 17:43:48,https://vk.com/idazat_16      ,https://psytests.org/result?v=ipiQ5IpO
07.01.2021 17:47:24,https://vk.com/chulpan.saleeva,https://psytests.org/result?v=ipiQ7UGO
07.01.2021 17:48:13,https://vk.com/aleeva01       ,https://psytests.org/result?v=ipiQ80M2
07.01.2021 17:50:10,https://vk.com/id303989430    ,https://psytests.org/result?v=ipiQ77Sn
07.01.2021 17:59:43,https://vk.com/gde_fantomm    ,https://psytests.org/result?v=ipiQ8LPt
07.01.2021 17:59:49,https://vk.com/koyashnuri     ,https://psytests.org/result?v=ipiQ8GYN
07.01.2021 18:40:13,https://vk.com/id280886024    ,https://psytests.org/result?v=ipiQ7qTP
07.01.2021 19:03:19,https://vk.com/makkman        ,https://psytests.org/result?v=ipiQ5W4V
07.01.2021 23:06:52,https://vk.com/top4eg03       ,https://psytests.org/result?v=ipiQ4arF
08.01.2021 0:16:34 ,https://vk.com/resil2018      ,psytests.org/result?v=ipiQ4LAP
12.01.2021 19:50:43,http://vk.com/id71272267      ,https://psytests.org/result?v=ipiQ8Erg